id;first_name;last_name;phone;email;created_at;updated_at
1;Chelsey;Wyman;505-248-7216 x64291;Dee31@gmail.com;2021-02-23T16:58:40;2021-02-24T01:39:30
2;Einar;Moore;014-991-5975 x53760;Kylie_Senger@hotmail.com;2021-02-24T07:01:42;2021-02-24T04:56:30
3;Delmer;Goldner;767-919-1749 x289;Augustus_Ferry32@yahoo.com;2021-02-24T03:48:33;2021-02-24T08:48:45
4;Mathilde;Runolfsson;(050) 647-6928;Demetris_Haag83@gmail.com;2021-02-23T19:39:10;2021-02-24T09:02:41
5;Noemy;Schinner;420-700-5717;Lera_Waters26@gmail.com;2021-02-23T19:05:51;2021-02-23T16:49:39
6;Libby;Jerde;029.173.6869;Cathy.Nikolaus59@gmail.com;2021-02-23T14:08:45;2021-02-23T21:40:51
7;Keegan;Runolfsson;(166) 830-1227 x708;Justyn.Deckow@gmail.com;2021-02-23T22:21:17;2021-02-24T07:16:01
8;Kevon;Donnelly;(271) 746-0823 x88654;Marcelino.Waters15@gmail.com;2021-02-24T01:41:13;2021-02-23T11:40:35
9;Brannon;Miller;201-449-3024 x96049;Raven97@yahoo.com;2021-02-23T22:16:18;2021-02-24T00:40:42
10;Chelsea;Gorczany;(806) 185-2428 x2963;Alec77@gmail.com;2021-02-24T08:34:49;2021-02-24T10:39:16
